artist,artist_id,album,album_id,album_release_date,disc_number,track_number,duration_ms,explicit,href,track_id,track_name,preview_url,acousticness,danceability,energy,instrumentalness,liveness,loudness,tempo,valence
Black Sabbath,5M52tdBnJaKSvOpJGz8mfZ,13,5WXL9YjbNd4GIqWc9mZOOq,2013-01-01,1,1,486226,False,https://api.spotify.com/v1/tracks/3QbnMRadaXqmlghaglLAit,3QbnMRadaXqmlghaglLAit,End Of The Beginning,,8.23e-05,0.308,0.882,0.0939,0.0949,-4.039,123.859,0.168
Black Sabbath,5M52tdBnJaKSvOpJGz8mfZ,13,5WXL9YjbNd4GIqWc9mZOOq,2013-01-01,1,2,532266,False,https://api.spotify.com/v1/tracks/3IKJNHnVZ2bXGjAFBJiUYo,3IKJNHnVZ2bXGjAFBJiUYo,God Is Dead?,,0.000192,0.385,0.712,0.0023,0.0594,-4.96,118.48,0.144
Black Sabbath,5M52tdBnJaKSvOpJGz8mfZ,13,5WXL9YjbNd4GIqWc9mZOOq,2013-01-01,1,3,299933,False,https://api.spotify.com/v1/tracks/1PZ3DwxBYzuRYXt2fpomfY,1PZ3DwxBYzuRYXt2fpomfY,Loner,,0.00103,0.469,0.873,0.00716,0.245,-3.07,104.057,0.737
Black Sabbath,5M52tdBnJaKSvOpJGz8mfZ,13,5WXL9YjbNd4GIqWc9mZOOq,2013-01-01,1,4,277786,False,https://api.spotify.com/v1/tracks/4HFRItYjNrcwT6Vbtbk2i4,4HFRItYjNrcwT6Vbtbk2i4,Zeitgeist,,0.796,0.481,0.263,0.0378,0.379,-12.749,112.131,0.184
Black Sabbath,5M52tdBnJaKSvOpJGz8mfZ,13,5WXL9YjbNd4GIqWc9mZOOq,2013-01-01,1,5,421066,False,https://api.spotify.com/v1/tracks/0BfFxZfRGcf6FOCpZ75tr0,0BfFxZfRGcf6FOCpZ75tr0,Age Of Reason,,8.93e-05,0.314,0.827,0.291,0.152,-4.021,127.071,0.398
Black Sabbath,5M52tdBnJaKSvOpJGz8mfZ,13,5WXL9YjbNd4GIqWc9mZOOq,2013-01-01,1,6,286506,False,https://api.spotify.com/v1/tracks/21t1bdwV3pEawdK9OhsauX,21t1bdwV3pEawdK9OhsauX,Live Forever,,7.07e-06,0.34,0.891,0.0101,0.26,-3.502,127.253,0.572
Black Sabbath,5M52tdBnJaKSvOpJGz8mfZ,13,5WXL9YjbNd4GIqWc9mZOOq,2013-01-01,1,7,471666,False,https://api.spotify.com/v1/tracks/3gY381aWseWtDcnanY9n6u,3gY381aWseWtDcnanY9n6u,Damaged Soul,,0.00515,0.324,0.744,0.534,0.0893,-4.842,135.13,0.368
Black Sabbath,5M52tdBnJaKSvOpJGz8mfZ,13,5WXL9YjbNd4GIqWc9mZOOq,2013-01-01,1,8,440173,False,https://api.spotify.com/v1/tracks/3zjDIbQ3lLWXekq1PBVYM9,3zjDIbQ3lLWXekq1PBVYM9,Dear Father,,0.00172,0.416,0.943,0.00241,0.26,-4.313,140.017,0.331
Black Sabbath,5M52tdBnJaKSvOpJGz8mfZ,13,5WXL9YjbNd4GIqWc9mZOOq,2013-01-01,1,9,358213,False,https://api.spotify.com/v1/tracks/0Gnx4WTUEUxA6WBETrp3yJ,0Gnx4WTUEUxA6WBETrp3yJ,Methademic,,6.22e-05,0.411,0.962,0.0197,0.105,-3.695,77.005,0.214
Black Sabbath,5M52tdBnJaKSvOpJGz8mfZ,13,5WXL9YjbNd4GIqWc9mZOOq,2013-01-01,1,10,220760,False,https://api.spotify.com/v1/tracks/3I28TfbHcWVhCKxmCIhs9F,3I28TfbHcWVhCKxmCIhs9F,Peace Of Mind,,0.00308,0.338,0.813,0.00262,0.116,-3.994,133.236,0.476
Black Sabbath,5M52tdBnJaKSvOpJGz8mfZ,13,5WXL9YjbNd4GIqWc9mZOOq,2013-01-01,1,11,334613,False,https://api.spotify.com/v1/tracks/79muBjOf7N6akgrEJuik6R,79muBjOf7N6akgrEJuik6R,Pariah,,0.000824,0.482,0.851,0.0265,0.0588,-2.821,109.62,0.295
Black Sabbath,5M52tdBnJaKSvOpJGz8mfZ,13,5WXL9YjbNd4GIqWc9mZOOq,2013-01-01,1,12,440556,False,https://api.spotify.com/v1/tracks/0ssM0AZdWKEEaqPTHzwYWl,0ssM0AZdWKEEaqPTHzwYWl,Dirty Women - Live in Australia / 2013,,7.88e-05,0.231,0.951,0.0745,0.926,-3.687,114.933,0.324
Black Sabbath,5M52tdBnJaKSvOpJGz8mfZ,Black Sabbath (2009 Remastered Version),2T6jeELx5BqH4GMLObBy10,1970-02-13,1,1,377280,False,https://api.spotify.com/v1/tracks/1udmPvJoBnqitbeYKKc9mc,1udmPvJoBnqitbeYKKc9mc,Black Sabbath,https://p.scdn.co/mp3-preview/4bf1e398de0edc42cd4a3efb4be5fa33f1aa0ac3?cid=7a4790705f9d45efa515017ecdccbb61,0.0493,0.344,0.449,0.0278,0.322,-13.887,132.809,0.123
Black Sabbath,5M52tdBnJaKSvOpJGz8mfZ,Black Sabbath (2009 Remastered Version),2T6jeELx5BqH4GMLObBy10,1970-02-13,1,2,260640,False,https://api.spotify.com/v1/tracks/3JvMig6Sc8XRLqHseNsccM,3JvMig6Sc8XRLqHseNsccM,The Wizard,https://p.scdn.co/mp3-preview/9690fdff672dba332aeeee1c207b8bac52ac2424?cid=7a4790705f9d45efa515017ecdccbb61,0.0307,0.523,0.706,0.000274,0.337,-11.521,99.684,0.407
Black Sabbath,5M52tdBnJaKSvOpJGz8mfZ,Black Sabbath (2009 Remastered Version),2T6jeELx5BqH4GMLObBy10,1970-02-13,1,3,218400,False,https://api.spotify.com/v1/tracks/7eXYekcOIQCxDJNS50JjQa,7eXYekcOIQCxDJNS50JjQa,Behind the Wall of Sleep,https://p.scdn.co/mp3-preview/8199ac51302e7fa896dd81421d247ae100ca7f0b?cid=7a4790705f9d45efa515017ecdccbb61,0.00423,0.359,0.516,0.000464,0.145,-12.438,90.623,0.691
Black Sabbath,5M52tdBnJaKSvOpJGz8mfZ,Black Sabbath (2009 Remastered Version),2T6jeELx5BqH4GMLObBy10,1970-02-13,1,4,364493,False,https://api.spotify.com/v1/tracks/62oNfnQqObaqARM0DTibAL,62oNfnQqObaqARM0DTibAL,N.I.B.,https://p.scdn.co/mp3-preview/82ab9db4cbf7987f7bb3dd912d3e4f7b4f020961?cid=7a4790705f9d45efa515017ecdccbb61,0.0838,0.476,0.556,1.59e-05,0.125,-10.586,103.122,0.43
Black Sabbath,5M52tdBnJaKSvOpJGz8mfZ,Black Sabbath (2009 Remastered Version),2T6jeELx5BqH4GMLObBy10,1970-02-13,1,5,202013,False,https://api.spotify.com/v1/tracks/2KtpzJOCmJa29vBLwDUGHQ,2KtpzJOCmJa29vBLwDUGHQ,Evil Woman,https://p.scdn.co/mp3-preview/0b5e88563e508c4c29a2771e9c481f95c738f0d3?cid=7a4790705f9d45efa515017ecdccbb61,0.00631,0.606,0.562,4.29e-06,0.114,-12.343,137.215,0.704
Black Sabbath,5M52tdBnJaKSvOpJGz8mfZ,Black Sabbath (2009 Remastered Version),2T6jeELx5BqH4GMLObBy10,1970-02-13,1,6,226053,False,https://api.spotify.com/v1/tracks/0KHeKEA1pf0YtlCcGVCGce,0KHeKEA1pf0YtlCcGVCGce,Sleeping Village,https://p.scdn.co/mp3-preview/6a22745f2284e225f961f7dae38549788e4b71dd?cid=7a4790705f9d45efa515017ecdccbb61,0.39,0.332,0.526,0.479,0.106,-13.294,138.967,0.188
Black Sabbath,5M52tdBnJaKSvOpJGz8mfZ,Black Sabbath (2009 Remastered Version),2T6jeELx5BqH4GMLObBy10,1970-02-13,1,7,632306,False,https://api.spotify.com/v1/tracks/4JW2yU9lIb8jCNv47PpTfZ,4JW2yU9lIb8jCNv47PpTfZ,Warning,https://p.scdn.co/mp3-preview/c8f89d9fc60247ba6d9a0ad85ee2d9096afa405b?cid=7a4790705f9d45efa515017ecdccbb61,0.097,0.379,0.701,0.00911,0.108,-9.168,127.057,0.408
Black Sabbath,5M52tdBnJaKSvOpJGz8mfZ,Black Sabbath (2009 Remastered Version),2T6jeELx5BqH4GMLObBy10,1970-02-13,1,8,283146,False,https://api.spotify.com/v1/tracks/0DAwAUbGa2ilY49D0JyRyW,0DAwAUbGa2ilY49D0JyRyW,Wicked World,https://p.scdn.co/mp3-preview/2f1f29ad1be729ea00b8427d8427bb073236b455?cid=7a4790705f9d45efa515017ecdccbb61,0.00138,0.299,0.546,0.354,0.203,-12.162,168.553,0.57
Black Sabbath,5M52tdBnJaKSvOpJGz8mfZ,Born Again,0nfG16SkgyQ3bQwZyfzwzP,1983-08-07,1,1,255493,False,https://api.spotify.com/v1/tracks/7e9pK4O0K8QWWRTK9jS5sW,7e9pK4O0K8QWWRTK9jS5sW,Trashed - 2009 Remaster,https://p.scdn.co/mp3-preview/feaacfa39f9a6aa7ffc601dc09f49cd871327042?cid=7a4790705f9d45efa515017ecdccbb61,0.00575,0.181,0.808,0.000414,0.139,-10.722,171.547,0.439
Black Sabbath,5M52tdBnJaKSvOpJGz8mfZ,Born Again,0nfG16SkgyQ3bQwZyfzwzP,1983-08-07,1,2,117680,False,https://api.spotify.com/v1/tracks/5L5aDvCyR1oIRufIvleMuM,5L5aDvCyR1oIRufIvleMuM,Stonehenge - 2009 Remaster,https://p.scdn.co/mp3-preview/bc6cf5dda338797076946847476019792bd2e45c?cid=7a4790705f9d45efa515017ecdccbb61,0.913,0.14,0.135,0.922,0.105,-29.684,71.344,0.0483
Black Sabbath,5M52tdBnJaKSvOpJGz8mfZ,Born Again,0nfG16SkgyQ3bQwZyfzwzP,1983-08-07,1,3,348586,False,https://api.spotify.com/v1/tracks/6zjKR4hIfX9KkBaIEMkPYs,6zjKR4hIfX9KkBaIEMkPYs,Disturbing the Priest - 2009 Remaster,https://p.scdn.co/mp3-preview/f6797f60ba340ebf266c9dfda7f954f8fc3a63f4?cid=7a4790705f9d45efa515017ecdccbb61,0.0217,0.211,0.568,0.0084,0.0561,-13.701,182.978,0.323
Black Sabbath,5M52tdBnJaKSvOpJGz8mfZ,Born Again,0nfG16SkgyQ3bQwZyfzwzP,1983-08-07,1,4,45280,False,https://api.spotify.com/v1/tracks/4KiLRYRibDPWL5Ae1MDo6g,4KiLRYRibDPWL5Ae1MDo6g,The Dark - 2009 Remaster,https://p.scdn.co/mp3-preview/07f90ea95fa2dd92234730ee57c77f71c8f38f21?cid=7a4790705f9d45efa515017ecdccbb61,0.897,0.262,0.111,0.908,0.47,-25.276,80.959,0.189
Black Sabbath,5M52tdBnJaKSvOpJGz8mfZ,Born Again,0nfG16SkgyQ3bQwZyfzwzP,1983-08-07,1,5,455520,False,https://api.spotify.com/v1/tracks/7w62cCeu7Cu9A1qRt8kZJl,7w62cCeu7Cu9A1qRt8kZJl,Zero the Hero - 2009 Remaster,https://p.scdn.co/mp3-preview/c5829142304b61466164857a571c777fbb563933?cid=7a4790705f9d45efa515017ecdccbb61,0.0478,0.312,0.669,0.000893,0.143,-12.797,79.553,0.403
Black Sabbath,5M52tdBnJaKSvOpJGz8mfZ,Born Again,0nfG16SkgyQ3bQwZyfzwzP,1983-08-07,1,6,217893,False,https://api.spotify.com/v1/tracks/7xYDsmF550cVYSlNJ8cg7h,7xYDsmF550cVYSlNJ8cg7h,Digital Bitch - 2009 Remaster,https://p.scdn.co/mp3-preview/4ae4dc6ef89572c29dc9c1680ecb8623bc5a10e0?cid=7a4790705f9d45efa515017ecdccbb61,0.0112,0.182,0.859,0.746,0.102,-11.419,183.896,0.408
Black Sabbath,5M52tdBnJaKSvOpJGz8mfZ,Born Again,0nfG16SkgyQ3bQwZyfzwzP,1983-08-07,1,7,394120,False,https://api.spotify.com/v1/tracks/4JEqvqrbTNnXpg7wEDlRdw,4JEqvqrbTNnXpg7wEDlRdw,Born Again - 2009 Remaster,https://p.scdn.co/mp3-preview/1c4eeac7d7349edcab6f77036bb443437ae476a1?cid=7a4790705f9d45efa515017ecdccbb61,0.203,0.303,0.479,0.000933,0.126,-12.98,106.619,0.267
Black Sabbath,5M52tdBnJaKSvOpJGz8mfZ,Born Again,0nfG16SkgyQ3bQwZyfzwzP,1983-08-07,1,8,291493,False,https://api.spotify.com/v1/tracks/1AhCg430PxfIzNb29PRrux,1AhCg430PxfIzNb29PRrux,Hot Line - 2009 Remaster,https://p.scdn.co/mp3-preview/3847f413c9a0deacbce5a8c4bbafccd7417275a5?cid=7a4790705f9d45efa515017ecdccbb61,3.51e-05,0.356,0.759,0.0545,0.268,-11.664,131.026,0.355
Black Sabbath,5M52tdBnJaKSvOpJGz8mfZ,Born Again,0nfG16SkgyQ3bQwZyfzwzP,1983-08-07,1,9,338373,False,https://api.spotify.com/v1/tracks/7HUeHm8P6BxNUbWOIPXK3N,7HUeHm8P6BxNUbWOIPXK3N,Keep It Warm - 2009 Remaster,https://p.scdn.co/mp3-preview/cda0ba00fee3269993b5f235aeb9548a2aa0796d?cid=7a4790705f9d45efa515017ecdccbb61,0.000341,0.254,0.706,0.0114,0.0898,-12.471,132.171,0.418
Black Sabbath,5M52tdBnJaKSvOpJGz8mfZ,Dehumanizer,3QCq4xwC3SZp38Y2cBsHdI,1992-06-22,1,1,372065,False,https://api.spotify.com/v1/tracks/3orKuAi3KTOv5z0rSd2JkF,3orKuAi3KTOv5z0rSd2JkF,Computer God - 2011 Remaster,,0.0209,0.194,0.886,0.0639,0.361,-7.914,177.222,0.17
Black Sabbath,5M52tdBnJaKSvOpJGz8mfZ,Dehumanizer,3QCq4xwC3SZp38Y2cBsHdI,1992-06-22,1,2,339596,False,https://api.spotify.com/v1/tracks/79GT4KDxWJZxGZHvJ016K0,79GT4KDxWJZxGZHvJ016K0,After All (The Dead) - 2011 Remaster,,0.000906,0.25,0.622,0.116,0.136,-9.225,140.008,0.109
Black Sabbath,5M52tdBnJaKSvOpJGz8mfZ,Dehumanizer,3QCq4xwC3SZp38Y2cBsHdI,1992-06-22,1,3,239496,False,https://api.spotify.com/v1/tracks/3Fpyn52CLDeYfpf8AQJJHo,3Fpyn52CLDeYfpf8AQJJHo,TV Crimes - 2011 Remaster,,0.00376,0.462,0.946,0.511,0.162,-7.019,106.283,0.441
Black Sabbath,5M52tdBnJaKSvOpJGz8mfZ,Dehumanizer,3QCq4xwC3SZp38Y2cBsHdI,1992-06-22,1,4,253485,False,https://api.spotify.com/v1/tracks/51khz8HmGEpla6YTS6GcJj,51khz8HmGEpla6YTS6GcJj,Letters From Earth - 2011 Remaster,,0.00204,0.419,0.855,0.00421,0.0545,-7.725,121.644,0.478
Black Sabbath,5M52tdBnJaKSvOpJGz8mfZ,Dehumanizer,3QCq4xwC3SZp38Y2cBsHdI,1992-06-22,1,5,354121,False,https://api.spotify.com/v1/tracks/7nH0xr9uboE815VoWBOEwh,7nH0xr9uboE815VoWBOEwh,Master Of Insanity - 2011 Remaster,,0.000796,0.399,0.816,0.000425,0.114,-8.646,122.956,0.38
Black Sabbath,5M52tdBnJaKSvOpJGz8mfZ,Dehumanizer,3QCq4xwC3SZp38Y2cBsHdI,1992-06-22,1,6,253227,False,https://api.spotify.com/v1/tracks/5f7ANbITiE8Te9c6hgkwvB,5f7ANbITiE8Te9c6hgkwvB,Time Machine - 2011 Remaster,,0.000411,0.39,0.955,0.287,0.357,-7.299,80.358,0.325
Black Sabbath,5M52tdBnJaKSvOpJGz8mfZ,Dehumanizer,3QCq4xwC3SZp38Y2cBsHdI,1992-06-22,1,7,283940,False,https://api.spotify.com/v1/tracks/6UGoneTRSV2iyPq8ktu6Xd,6UGoneTRSV2iyPq8ktu6Xd,Sins Of The Father - 2011 Remaster,,0.000343,0.269,0.886,0.0124,0.0691,-8.151,136.527,0.344
Black Sabbath,5M52tdBnJaKSvOpJGz8mfZ,Dehumanizer,3QCq4xwC3SZp38Y2cBsHdI,1992-06-22,1,8,414357,False,https://api.spotify.com/v1/tracks/4CB9wE8xZ2sEOPRZU0iAXg,4CB9wE8xZ2sEOPRZU0iAXg,Too Late - 2011 Remaster,,0.0321,0.298,0.492,0.00317,0.103,-10.684,109.932,0.101
Black Sabbath,5M52tdBnJaKSvOpJGz8mfZ,Dehumanizer,3QCq4xwC3SZp38Y2cBsHdI,1992-06-22,1,9,310955,False,https://api.spotify.com/v1/tracks/3OuUBpO1YAUmRESoJuq3a6,3OuUBpO1YAUmRESoJuq3a6,I - 2011 Remaster,,0.06,0.414,0.858,0.318,0.152,-8.655,94.084,0.218
Black Sabbath,5M52tdBnJaKSvOpJGz8mfZ,Dehumanizer,3QCq4xwC3SZp38Y2cBsHdI,1992-06-22,1,10,290096,False,https://api.spotify.com/v1/tracks/1hTpDkp3SSFanezXYOt4Jc,1hTpDkp3SSFanezXYOt4Jc,Buried Alive - 2011 Remaster,,0.00216,0.384,0.899,0.114,0.144,-6.681,79.097,0.427
Black Sabbath,5M52tdBnJaKSvOpJGz8mfZ,Dehumanizer,3QCq4xwC3SZp38Y2cBsHdI,1992-06-22,2,1,247283,False,https://api.spotify.com/v1/tracks/08GpNnA8dWBkow4fWliLMc,08GpNnA8dWBkow4fWliLMc,Master Of Insanity - Single Edit / 2011 Remaster,,0.00284,0.382,0.91,0.0,0.356,-7.116,122.983,0.363
Black Sabbath,5M52tdBnJaKSvOpJGz8mfZ,Dehumanizer,3QCq4xwC3SZp38Y2cBsHdI,1992-06-22,2,2,279577,False,https://api.spotify.com/v1/tracks/6jnsIdWsaN64KKN16gdhRU,6jnsIdWsaN64KKN16gdhRU,Letters From Earth - B-Side Version / 2011 Remaster,,0.0295,0.415,0.829,0.000349,0.0876,-7.532,121.912,0.463
Black Sabbath,5M52tdBnJaKSvOpJGz8mfZ,Dehumanizer,3QCq4xwC3SZp38Y2cBsHdI,1992-06-22,2,3,257512,False,https://api.spotify.com/v1/tracks/04P6dp2K012dY71bsfNgql,04P6dp2K012dY71bsfNgql,Time Machine - Wayne's World Version / 2011 Remaster,,0.00243,0.446,0.9,0.00104,0.127,-7.496,83.136,0.315
Black Sabbath,5M52tdBnJaKSvOpJGz8mfZ,Dehumanizer,3QCq4xwC3SZp38Y2cBsHdI,1992-06-22,2,4,382386,False,https://api.spotify.com/v1/tracks/3ypW7pu5aUx4l3DdzXcrQE,3ypW7pu5aUx4l3DdzXcrQE,"Children Of The Sea - Live From The Sundome, Tampa, FL, 1992 / 2011 Remaster",,8.31e-05,0.291,0.841,0.000158,0.897,-7.712,125.33,0.352
Black Sabbath,5M52tdBnJaKSvOpJGz8mfZ,Dehumanizer,3QCq4xwC3SZp38Y2cBsHdI,1992-06-22,2,5,136309,False,https://api.spotify.com/v1/tracks/61mj8C5RjVsC9gFmnIrhLI,61mj8C5RjVsC9gFmnIrhLI,"Die Young - Live From The Sundome, Tampa, FL, 1992 / 2011 Remaster",,0.0002,0.392,0.916,0.00659,0.316,-7.592,101.689,0.442
Black Sabbath,5M52tdBnJaKSvOpJGz8mfZ,Dehumanizer,3QCq4xwC3SZp38Y2cBsHdI,1992-06-22,2,6,258298,False,https://api.spotify.com/v1/tracks/6V5pTxNulK0Va4zP6vOQKe,6V5pTxNulK0Va4zP6vOQKe,"TV Crimes - Live From The Sundome, Tampa, FL, 1992 / 2011 Remaster",,2.67e-05,0.35,0.936,0.259,0.539,-8.151,110.353,0.358
Black Sabbath,5M52tdBnJaKSvOpJGz8mfZ,Dehumanizer,3QCq4xwC3SZp38Y2cBsHdI,1992-06-22,2,7,463271,False,https://api.spotify.com/v1/tracks/4WODG3JjNxYbUVUhsh59QM,4WODG3JjNxYbUVUhsh59QM,"Master Of Insanity - Live From The Sundome, Tampa, FL, 1992 / 2011 Remaster",,2.01e-05,0.287,0.811,0.146,0.363,-7.267,127.07,0.301
Black Sabbath,5M52tdBnJaKSvOpJGz8mfZ,Dehumanizer,3QCq4xwC3SZp38Y2cBsHdI,1992-06-22,2,8,333085,False,https://api.spotify.com/v1/tracks/0k0ZVybxw6CjVHQ4THmYmS,0k0ZVybxw6CjVHQ4THmYmS,"Neon Knights - Live From The Sundome, Tampa, FL, 1992 / 2011 Remaster",,9.86e-05,0.336,0.925,0.0213,0.984,-7.898,94.059,0.426
Black Sabbath,5M52tdBnJaKSvOpJGz8mfZ,Heaven & Hell,0Dj2B19o99FcJii6aPvMTr,1980-04-25,1,1,231693,False,https://api.spotify.com/v1/tracks/65gqhwfZ5E6upb1HahiVGM,65gqhwfZ5E6upb1HahiVGM,Neon Knights - 2009 Remaster,https://p.scdn.co/mp3-preview/52956388913f996144bdd69e06d54ab2ac7438ad?cid=7a4790705f9d45efa515017ecdccbb61,0.000508,0.419,0.857,0.0101,0.3,-11.931,96.296,0.63
Black Sabbath,5M52tdBnJaKSvOpJGz8mfZ,Heaven & Hell,0Dj2B19o99FcJii6aPvMTr,1980-04-25,1,2,335213,False,https://api.spotify.com/v1/tracks/4MDtLNgqACWFz3bFHkQ3vE,4MDtLNgqACWFz3bFHkQ3vE,Children of the Sea - 2009 Remaster,https://p.scdn.co/mp3-preview/73bf1273fd0ee6f95a19dd4de4e6e8adb4415853?cid=7a4790705f9d45efa515017ecdccbb61,0.0128,0.424,0.645,0.000139,0.191,-10.09,142.051,0.354
Black Sabbath,5M52tdBnJaKSvOpJGz8mfZ,Heaven & Hell,0Dj2B19o99FcJii6aPvMTr,1980-04-25,1,3,262573,False,https://api.spotify.com/v1/tracks/4kWp7iQopHC1DW7clIxgQf,4kWp7iQopHC1DW7clIxgQf,Lady Evil - 2009 Remaster,https://p.scdn.co/mp3-preview/f01ac4fee185d07df1125047371b88e40d86971a?cid=7a4790705f9d45efa515017ecdccbb61,0.00239,0.583,0.677,0.000982,0.0982,-13.429,123.667,0.886
Black Sabbath,5M52tdBnJaKSvOpJGz8mfZ,Heaven & Hell,0Dj2B19o99FcJii6aPvMTr,1980-04-25,1,4,417840,False,https://api.spotify.com/v1/tracks/3HzWxmvpQU3QHQ59zw1X4V,3HzWxmvpQU3QHQ59zw1X4V,Heaven and Hell - 2009 Remaster,https://p.scdn.co/mp3-preview/160db635490b1411f8630aa22c03eb724687e986?cid=7a4790705f9d45efa515017ecdccbb61,0.00858,0.333,0.445,0.0451,0.167,-16.343,89.371,0.35
Black Sabbath,5M52tdBnJaKSvOpJGz8mfZ,Heaven & Hell,0Dj2B19o99FcJii6aPvMTr,1980-04-25,1,5,244840,False,https://api.spotify.com/v1/tracks/6i7EKMsCi6fU6IhWaugzwy,6i7EKMsCi6fU6IhWaugzwy,Wishing Well - 2009 Remaster,https://p.scdn.co/mp3-preview/4b83baadb39bb5a3841923f1e12e35d4030956a2?cid=7a4790705f9d45efa515017ecdccbb61,0.000158,0.439,0.759,0.00016,0.146,-13.139,143.277,0.684
Black Sabbath,5M52tdBnJaKSvOpJGz8mfZ,Heaven & Hell,0Dj2B19o99FcJii6aPvMTr,1980-04-25,1,6,282240,False,https://api.spotify.com/v1/tracks/7BdnjZouQp8hC76pccrUDp,7BdnjZouQp8hC76pccrUDp,Die Young - 2009 Remaster,https://p.scdn.co/mp3-preview/5bbfd26fd383e41aa3369092204828438c22717b?cid=7a4790705f9d45efa515017ecdccbb61,0.00783,0.313,0.707,0.00509,0.076,-10.42,104.795,0.119
Black Sabbath,5M52tdBnJaKSvOpJGz8mfZ,Heaven & Hell,0Dj2B19o99FcJii6aPvMTr,1980-04-25,1,7,263493,False,https://api.spotify.com/v1/tracks/71CSYqByFr0Klk3KkzL9Wd,71CSYqByFr0Klk3KkzL9Wd,Walk Away - 2009 Remaster,https://p.scdn.co/mp3-preview/e313bc189a5612758bfc4890f67132b5bcc2d510?cid=7a4790705f9d45efa515017ecdccbb61,0.0283,0.446,0.7,0.00188,0.286,-14.567,120.31,0.725
Black Sabbath,5M52tdBnJaKSvOpJGz8mfZ,Heaven & Hell,0Dj2B19o99FcJii6aPvMTr,1980-04-25,1,8,350280,False,https://api.spotify.com/v1/tracks/1Wmx0aeddVUJeW3tHSGkU5,1Wmx0aeddVUJeW3tHSGkU5,Lonely Is the Word - 2009 Remaster,https://p.scdn.co/mp3-preview/cdece6876a00509cfe22f213a68a975d20bf8d6f?cid=7a4790705f9d45efa515017ecdccbb61,0.00109,0.433,0.49,0.0455,0.0736,-15.515,110.673,0.523
Black Sabbath,5M52tdBnJaKSvOpJGz8mfZ,Master of Reality (2009 Remastered Version),3kBG6q0aXKxzn01wKTwZr5,1971-07-21,1,1,303253,False,https://api.spotify.com/v1/tracks/663YE60YdyYlI5lcHG3Noz,663YE60YdyYlI5lcHG3Noz,Sweet Leaf,https://p.scdn.co/mp3-preview/e634b75b7ad3ac951c3f196c8027e4e7e7f9fc07?cid=7a4790705f9d45efa515017ecdccbb61,0.00163,0.362,0.612,0.0372,0.116,-11.861,148.372,0.664
Black Sabbath,5M52tdBnJaKSvOpJGz8mfZ,Master of Reality (2009 Remastered Version),3kBG6q0aXKxzn01wKTwZr5,1971-07-21,1,2,323640,False,https://api.spotify.com/v1/tracks/1zPLLwCz1XU1ErGYhON6LV,1zPLLwCz1XU1ErGYhON6LV,After Forever,https://p.scdn.co/mp3-preview/22b25d5b657f8641b267488609f330e574b2e6aa?cid=7a4790705f9d45efa515017ecdccbb61,0.000348,0.39,0.69,0.00154,0.126,-12.787,94.888,0.459
Black Sabbath,5M52tdBnJaKSvOpJGz8mfZ,Master of Reality (2009 Remastered Version),3kBG6q0aXKxzn01wKTwZr5,1971-07-21,1,3,27266,False,https://api.spotify.com/v1/tracks/30HS5aI90o2DputyA69iOX,30HS5aI90o2DputyA69iOX,Embryo,,0.953,0.765,0.267,0.0508,0.12,-12.729,39.714,0.94
Black Sabbath,5M52tdBnJaKSvOpJGz8mfZ,Master of Reality (2009 Remastered Version),3kBG6q0aXKxzn01wKTwZr5,1971-07-21,1,4,314720,False,https://api.spotify.com/v1/tracks/3ZuVfQriS93y6ofwbIf7lp,3ZuVfQriS93y6ofwbIf7lp,Children of the Grave,https://p.scdn.co/mp3-preview/393b35840a1a96f08080adb8d6942e9f5c5feeff?cid=7a4790705f9d45efa515017ecdccbb61,0.0706,0.311,0.658,0.104,0.093,-13.529,151.813,0.353
Black Sabbath,5M52tdBnJaKSvOpJGz8mfZ,Master of Reality (2009 Remastered Version),3kBG6q0aXKxzn01wKTwZr5,1971-07-21,1,5,90786,False,https://api.spotify.com/v1/tracks/4VMOFyIl8weDI5BXyti7sn,4VMOFyIl8weDI5BXyti7sn,Orchid,https://p.scdn.co/mp3-preview/00cc6f0816d28175fee9ad53f7bc12a69809badf?cid=7a4790705f9d45efa515017ecdccbb61,0.743,0.231,0.0507,0.883,0.132,-28.278,65.786,0.602
Black Sabbath,5M52tdBnJaKSvOpJGz8mfZ,Master of Reality (2009 Remastered Version),3kBG6q0aXKxzn01wKTwZr5,1971-07-21,1,6,322906,False,https://api.spotify.com/v1/tracks/0GPkkpX2WPccnZZggAtx8Q,0GPkkpX2WPccnZZggAtx8Q,Lord of This World,https://p.scdn.co/mp3-preview/b4d406b284c949b9a313b55adf7b91f04205f42d?cid=7a4790705f9d45efa515017ecdccbb61,0.0289,0.398,0.571,0.000928,0.113,-12.321,134.438,0.649
Black Sabbath,5M52tdBnJaKSvOpJGz8mfZ,Master of Reality (2009 Remastered Version),3kBG6q0aXKxzn01wKTwZr5,1971-07-21,1,7,301640,False,https://api.spotify.com/v1/tracks/0y1eaipbcP50xp6WLgJtuv,0y1eaipbcP50xp6WLgJtuv,Solitude,https://p.scdn.co/mp3-preview/7d9ddffb1c2a329d891b39a7ec28d28e5ec3bce8?cid=7a4790705f9d45efa515017ecdccbb61,0.831,0.307,0.024,0.758,0.12,-28.353,109.732,0.524
Black Sabbath,5M52tdBnJaKSvOpJGz8mfZ,Master of Reality (2009 Remastered Version),3kBG6q0aXKxzn01wKTwZr5,1971-07-21,1,8,372600,False,https://api.spotify.com/v1/tracks/4chUb38ZUuvL1OST3aa063,4chUb38ZUuvL1OST3aa063,Into the Void,https://p.scdn.co/mp3-preview/0710f9eff1e0936c3bf8eba0e1489a7465da84cc?cid=7a4790705f9d45efa515017ecdccbb61,0.011,0.416,0.549,0.0378,0.109,-13.487,76.233,0.535
Black Sabbath,5M52tdBnJaKSvOpJGz8mfZ,Mob Rules,2iaECLD2YLSEOkSfi7BRaC,1981-11-04,1,1,220720,False,https://api.spotify.com/v1/tracks/4eyXNvhjojMP7m9Qb6NwzC,4eyXNvhjojMP7m9Qb6NwzC,Turn Up the Night - 2009 Remaster,https://p.scdn.co/mp3-preview/67d170022abe9cb2c08461626a9f0b8203e362c6?cid=7a4790705f9d45efa515017ecdccbb61,0.0583,0.191,0.858,0.0319,0.404,-11.788,182.463,0.733
Black Sabbath,5M52tdBnJaKSvOpJGz8mfZ,Mob Rules,2iaECLD2YLSEOkSfi7BRaC,1981-11-04,1,2,272413,False,https://api.spotify.com/v1/tracks/10jdpgR3YYmtFE7sNIKahW,10jdpgR3YYmtFE7sNIKahW,Voodoo - 2009 Remaster,https://p.scdn.co/mp3-preview/520fc0778ea982f727fcacfa24028eec792d070a?cid=7a4790705f9d45efa515017ecdccbb61,0.0234,0.511,0.748,0.0795,0.228,-10.822,102.068,0.687
Black Sabbath,5M52tdBnJaKSvOpJGz8mfZ,Mob Rules,2iaECLD2YLSEOkSfi7BRaC,1981-11-04,1,3,467840,False,https://api.spotify.com/v1/tracks/592foC8lTe4bgh9tJyqc0k,592foC8lTe4bgh9tJyqc0k,The Sign of the Southern Cross - 2009 Remaster,https://p.scdn.co/mp3-preview/fe1ec40c05f473adb4d5c5eefea9ff2c1216e843?cid=7a4790705f9d45efa515017ecdccbb61,0.319,0.418,0.508,0.0419,0.0785,-14.888,117.864,0.362
Black Sabbath,5M52tdBnJaKSvOpJGz8mfZ,Mob Rules,2iaECLD2YLSEOkSfi7BRaC,1981-11-04,1,4,171293,False,https://api.spotify.com/v1/tracks/2vVINXLrwP59Fk2mpSfsj9,2vVINXLrwP59Fk2mpSfsj9,E5150 - 2009 Remaster,https://p.scdn.co/mp3-preview/b4895160e2f3d0c2a9fdbecd4e8882e29125ae42?cid=7a4790705f9d45efa515017ecdccbb61,0.803,0.187,0.243,0.959,0.164,-24.281,146.391,0.0947
Black Sabbath,5M52tdBnJaKSvOpJGz8mfZ,Mob Rules,2iaECLD2YLSEOkSfi7BRaC,1981-11-04,1,5,194680,False,https://api.spotify.com/v1/tracks/0c0lvWGTAKBslQKRGzMs8X,0c0lvWGTAKBslQKRGzMs8X,The Mob Rules - 2009 Remaster,https://p.scdn.co/mp3-preview/438004a9a0e852868dd3d40ce18a05dbcd29e4dc?cid=7a4790705f9d45efa515017ecdccbb61,0.00977,0.264,0.86,0.0275,0.233,-11.113,136.752,0.491
Black Sabbath,5M52tdBnJaKSvOpJGz8mfZ,Mob Rules,2iaECLD2YLSEOkSfi7BRaC,1981-11-04,1,6,242906,False,https://api.spotify.com/v1/tracks/0F05iwNYPylP8HtEoUWy4Z,0F05iwNYPylP8HtEoUWy4Z,Country Girl - 2009 Remaster,https://p.scdn.co/mp3-preview/831c6c41b2918410e1f0b5a1f90b2130f88b405e?cid=7a4790705f9d45efa515017ecdccbb61,0.0157,0.462,0.679,2e-05,0.358,-9.657,79.694,0.591
Black Sabbath,5M52tdBnJaKSvOpJGz8mfZ,Mob Rules,2iaECLD2YLSEOkSfi7BRaC,1981-11-04,1,7,225200,False,https://api.spotify.com/v1/tracks/443jRaX3Z2VlJIkrbvDs8W,443jRaX3Z2VlJIkrbvDs8W,Slipping Away - 2009 Remaster,https://p.scdn.co/mp3-preview/2b31ea08579459ef16c4b58dcb0248a4011c54c1?cid=7a4790705f9d45efa515017ecdccbb61,0.172,0.297,0.74,0.000696,0.21,-10.315,162.742,0.71
Black Sabbath,5M52tdBnJaKSvOpJGz8mfZ,Mob Rules,2iaECLD2YLSEOkSfi7BRaC,1981-11-04,1,8,303533,False,https://api.spotify.com/v1/tracks/5pcC9iUkMSzFcmyZtghyZ2,5pcC9iUkMSzFcmyZtghyZ2,Falling Off the Edge of the World - 2009 Remaster,https://p.scdn.co/mp3-preview/6fb9d3f4fd9d68432e9f2157acfc1d2fe798ea26?cid=7a4790705f9d45efa515017ecdccbb61,0.0155,0.251,0.484,0.0777,0.213,-13.567,149.965,0.259
Black Sabbath,5M52tdBnJaKSvOpJGz8mfZ,Mob Rules,2iaECLD2YLSEOkSfi7BRaC,1981-11-04,1,9,327600,False,https://api.spotify.com/v1/tracks/1hozZtesmI1AMgJDQQYoNC,1hozZtesmI1AMgJDQQYoNC,Over and Over - 2009 Remaster,https://p.scdn.co/mp3-preview/b7f6832a55a49f10007bc2a749af3a20ea659b73?cid=7a4790705f9d45efa515017ecdccbb61,0.0964,0.225,0.68,0.0774,0.278,-10.054,138.243,0.417
Black Sabbath,5M52tdBnJaKSvOpJGz8mfZ,Never Say Die! (2009 Remastered Version),35He10lZFJROpQBT16z54R,1978-09-28,1,1,230053,False,https://api.spotify.com/v1/tracks/7If3fpvkXdLNIye2MprOb0,7If3fpvkXdLNIye2MprOb0,Never Say Die,https://p.scdn.co/mp3-preview/3e41d6babea1206b82b4378a005081b78762a3a2?cid=7a4790705f9d45efa515017ecdccbb61,0.00394,0.351,0.705,0.000122,0.0977,-7.976,98.546,0.449
Black Sabbath,5M52tdBnJaKSvOpJGz8mfZ,Never Say Die! (2009 Remastered Version),35He10lZFJROpQBT16z54R,1978-09-28,1,2,387546,False,https://api.spotify.com/v1/tracks/02ciBFQZDznVQsoU7isB5Z,02ciBFQZDznVQsoU7isB5Z,Johnny Blade,https://p.scdn.co/mp3-preview/a61e4bf7f02e8de35a7ad3a0b03cc97829491c95?cid=7a4790705f9d45efa515017ecdccbb61,0.00122,0.22,0.791,0.000282,0.0709,-8.847,147.475,0.526
Black Sabbath,5M52tdBnJaKSvOpJGz8mfZ,Never Say Die! (2009 Remastered Version),35He10lZFJROpQBT16z54R,1978-09-28,1,3,402880,False,https://api.spotify.com/v1/tracks/69jHDkzBpJluYwz85MSlGW,69jHDkzBpJluYwz85MSlGW,Junior's Eyes,https://p.scdn.co/mp3-preview/67bc51694df4450081b91845362b43d008ffbc8d?cid=7a4790705f9d45efa515017ecdccbb61,0.00486,0.477,0.755,0.364,0.126,-10.407,125.249,0.631
Black Sabbath,5M52tdBnJaKSvOpJGz8mfZ,Never Say Die! (2009 Remastered Version),35He10lZFJROpQBT16z54R,1978-09-28,1,4,364586,False,https://api.spotify.com/v1/tracks/0bcTgF3fyssLo2r2wzDzDa,0bcTgF3fyssLo2r2wzDzDa,A Hard Road,https://p.scdn.co/mp3-preview/7b6abe68e9137cff40f48eeb109a0c581b662877?cid=7a4790705f9d45efa515017ecdccbb61,0.00154,0.297,0.798,0.294,0.162,-11.122,127.184,0.414
Black Sabbath,5M52tdBnJaKSvOpJGz8mfZ,Never Say Die! (2009 Remastered Version),35He10lZFJROpQBT16z54R,1978-09-28,1,5,314626,False,https://api.spotify.com/v1/tracks/6LConvgobnlsBorNZxq6gj,6LConvgobnlsBorNZxq6gj,Shock Wave,https://p.scdn.co/mp3-preview/3c28d0783af359c8a08f64970d8bc2532c045892?cid=7a4790705f9d45efa515017ecdccbb61,0.0119,0.382,0.865,1.57e-06,0.132,-8.493,132.259,0.475
Black Sabbath,5M52tdBnJaKSvOpJGz8mfZ,Never Say Die! (2009 Remastered Version),35He10lZFJROpQBT16z54R,1978-09-28,1,6,316666,False,https://api.spotify.com/v1/tracks/5oh4ExcYVzCj6v2Hx1ZFef,5oh4ExcYVzCj6v2Hx1ZFef,Air Dance,https://p.scdn.co/mp3-preview/e87e42ace16d31c0c9987c434cff6761320f2345?cid=7a4790705f9d45efa515017ecdccbb61,0.128,0.35,0.372,0.266,0.0869,-12.201,112.956,0.482
Black Sabbath,5M52tdBnJaKSvOpJGz8mfZ,Never Say Die! (2009 Remastered Version),35He10lZFJROpQBT16z54R,1978-09-28,1,7,323120,False,https://api.spotify.com/v1/tracks/3ALTfcqV8SBSgzYvVOhUqD,3ALTfcqV8SBSgzYvVOhUqD,Over to You,https://p.scdn.co/mp3-preview/accd809df8261dc17bbf70d67824d61094c9bbbd?cid=7a4790705f9d45efa515017ecdccbb61,0.00388,0.429,0.432,4.46e-06,0.0641,-10.103,103.296,0.506
Black Sabbath,5M52tdBnJaKSvOpJGz8mfZ,Never Say Die! (2009 Remastered Version),35He10lZFJROpQBT16z54R,1978-09-28,1,8,154906,False,https://api.spotify.com/v1/tracks/7JluBBvCmu2m4HR1dJy5e9,7JluBBvCmu2m4HR1dJy5e9,Breakout,https://p.scdn.co/mp3-preview/a5eb3f4a1aefdc4e8ec8bc2e317bc9b62685fd98?cid=7a4790705f9d45efa515017ecdccbb61,0.153,0.332,0.51,0.91,0.705,-10.019,115.548,0.34
Black Sabbath,5M52tdBnJaKSvOpJGz8mfZ,Never Say Die! (2009 Remastered Version),35He10lZFJROpQBT16z54R,1978-09-28,1,9,246546,False,https://api.spotify.com/v1/tracks/4S75BXAOUi2hCe2oNcvT5l,4S75BXAOUi2hCe2oNcvT5l,Swinging the Chain,https://p.scdn.co/mp3-preview/14a1ddf8ab6fe0698cd1672fb93c144646807bf8?cid=7a4790705f9d45efa515017ecdccbb61,0.0158,0.126,0.754,0.00467,0.367,-8.615,177.149,0.316
Black Sabbath,5M52tdBnJaKSvOpJGz8mfZ,Paranoid (2009 Remastered Version),132qAo1cDiEJdA3fv4xyNK,1970-09-18,1,1,474400,False,https://api.spotify.com/v1/tracks/0W35nxtHtFlseSojmygEsf,0W35nxtHtFlseSojmygEsf,War Pigs,https://p.scdn.co/mp3-preview/7b0420fab47dfbf060312207b3f67d8bea8f04ba?cid=7a4790705f9d45efa515017ecdccbb61,0.116,0.464,0.612,0.00559,0.171,-12.019,91.499,0.496
Black Sabbath,5M52tdBnJaKSvOpJGz8mfZ,Paranoid (2009 Remastered Version),132qAo1cDiEJdA3fv4xyNK,1970-09-18,1,2,168440,False,https://api.spotify.com/v1/tracks/1jzDzZWeSDBg5fhNc3tczV,1jzDzZWeSDBg5fhNc3tczV,Paranoid,https://p.scdn.co/mp3-preview/c3c74a5d2214f66307037df432d0ba2480e708fe?cid=7a4790705f9d45efa515017ecdccbb61,7.85e-05,0.429,0.631,0.00411,0.175,-11.514,162.734,0.376
Black Sabbath,5M52tdBnJaKSvOpJGz8mfZ,Paranoid (2009 Remastered Version),132qAo1cDiEJdA3fv4xyNK,1970-09-18,1,3,269533,False,https://api.spotify.com/v1/tracks/7wqF3BU0ykeKch6BcNqGiT,7wqF3BU0ykeKch6BcNqGiT,Planet Caravan,https://p.scdn.co/mp3-preview/283911383091073421dc63efd0a6ec13d00980c0?cid=7a4790705f9d45efa515017ecdccbb61,0.926,0.417,0.0889,0.897,0.083,-24.661,88.25,0.411
Black Sabbath,5M52tdBnJaKSvOpJGz8mfZ,Paranoid (2009 Remastered Version),132qAo1cDiEJdA3fv4xyNK,1970-09-18,1,4,354773,False,https://api.spotify.com/v1/tracks/0TI8TP4FitVPoEHPTySx48,0TI8TP4FitVPoEHPTySx48,Iron Man,https://p.scdn.co/mp3-preview/b5afd236ad1f6a6df6ba6994c665f648c4d0fda4?cid=7a4790705f9d45efa515017ecdccbb61,0.00367,0.332,0.769,0.00413,0.0372,-11.503,157.378,0.525
Black Sabbath,5M52tdBnJaKSvOpJGz8mfZ,Paranoid (2009 Remastered Version),132qAo1cDiEJdA3fv4xyNK,1970-09-18,1,5,289799,False,https://api.spotify.com/v1/tracks/39eKdJcCdYYRdKEZRfKJDJ,39eKdJcCdYYRdKEZRfKJDJ,Electric Funeral,https://p.scdn.co/mp3-preview/b5befd8c1a86b2157ba784e385fe7e9824665e75?cid=7a4790705f9d45efa515017ecdccbb61,0.269,0.379,0.467,1.33e-05,0.227,-13.047,125.858,0.374
Black Sabbath,5M52tdBnJaKSvOpJGz8mfZ,Paranoid (2009 Remastered Version),132qAo1cDiEJdA3fv4xyNK,1970-09-18,1,6,428386,False,https://api.spotify.com/v1/tracks/40W1V3aU3g6lEGZVwsxAcO,40W1V3aU3g6lEGZVwsxAcO,Hand of Doom,https://p.scdn.co/mp3-preview/25fb303aa20f6b00376e8e3aefc24707e160c82d?cid=7a4790705f9d45efa515017ecdccbb61,0.0252,0.45,0.534,0.0035,0.111,-13.023,141.473,0.289
Black Sabbath,5M52tdBnJaKSvOpJGz8mfZ,Paranoid (2009 Remastered Version),132qAo1cDiEJdA3fv4xyNK,1970-09-18,1,7,149741,False,https://api.spotify.com/v1/tracks/1uPH6mPMlbB4SqrHmRqnlE,1uPH6mPMlbB4SqrHmRqnlE,Rat Salad,https://p.scdn.co/mp3-preview/4983d7a64b04220585b1a239f2e84ea55551126c?cid=7a4790705f9d45efa515017ecdccbb61,0.0146,0.529,0.6,0.892,0.242,-14.343,130.005,0.466
Black Sabbath,5M52tdBnJaKSvOpJGz8mfZ,Paranoid (2009 Remastered Version),132qAo1cDiEJdA3fv4xyNK,1970-09-18,1,8,373192,False,https://api.spotify.com/v1/tracks/6Kfyg9nl3TWbtrUFEF4yr5,6Kfyg9nl3TWbtrUFEF4yr5,Fairies Wear Boots,https://p.scdn.co/mp3-preview/26d6685d5ba71977adc70aacbaf435dfe665fd2e?cid=7a4790705f9d45efa515017ecdccbb61,0.00114,0.497,0.625,0.0421,0.253,-11.38,136.126,0.727
Black Sabbath,5M52tdBnJaKSvOpJGz8mfZ,Sabbath Bloody Sabbath (2009 Remastered Version),6vKZWeBFGy7phxXP727tOa,1973-12-01,1,1,347626,False,https://api.spotify.com/v1/tracks/2CzKVfVA9U7OKbIpAVPZOk,2CzKVfVA9U7OKbIpAVPZOk,Sabbath Bloody Sabbath,https://p.scdn.co/mp3-preview/e1dc687b01104a628b7b5e09cacbdd784e8e4a92?cid=7a4790705f9d45efa515017ecdccbb61,0.404,0.361,0.631,9.9e-05,0.0685,-9.215,137.757,0.541
Black Sabbath,5M52tdBnJaKSvOpJGz8mfZ,Sabbath Bloody Sabbath (2009 Remastered Version),6vKZWeBFGy7phxXP727tOa,1973-12-01,1,2,375106,False,https://api.spotify.com/v1/tracks/1DCeBMEXMOZr3OEGIbViiV,1DCeBMEXMOZr3OEGIbViiV,A National Acrobat,https://p.scdn.co/mp3-preview/0837da45303bb38eb9e888c35a784b52f0999e19?cid=7a4790705f9d45efa515017ecdccbb61,0.0814,0.397,0.646,0.00443,0.281,-12.388,71.138,0.549
Black Sabbath,5M52tdBnJaKSvOpJGz8mfZ,Sabbath Bloody Sabbath (2009 Remastered Version),6vKZWeBFGy7phxXP727tOa,1973-12-01,1,3,248946,False,https://api.spotify.com/v1/tracks/1jCMQI6yP9AQJIWvMa9raY,1jCMQI6yP9AQJIWvMa9raY,Fluff,https://p.scdn.co/mp3-preview/f52d7161a9f670f5c64fe377363d8ef6c4e8902b?cid=7a4790705f9d45efa515017ecdccbb61,0.647,0.5,0.225,0.938,0.104,-17.634,127.158,0.368
Black Sabbath,5M52tdBnJaKSvOpJGz8mfZ,Sabbath Bloody Sabbath (2009 Remastered Version),6vKZWeBFGy7phxXP727tOa,1973-12-01,1,4,357093,False,https://api.spotify.com/v1/tracks/6ZF80y1S2RBycHkhY1gzcf,6ZF80y1S2RBycHkhY1gzcf,Sabbra Cadabra,https://p.scdn.co/mp3-preview/3679567e0f78328534eb09fdd86a26f14992b4fe?cid=7a4790705f9d45efa515017ecdccbb61,0.0284,0.276,0.622,0.133,0.188,-13.08,81.143,0.784
Black Sabbath,5M52tdBnJaKSvOpJGz8mfZ,Sabbath Bloody Sabbath (2009 Remastered Version),6vKZWeBFGy7phxXP727tOa,1973-12-01,1,5,342440,False,https://api.spotify.com/v1/tracks/0jbY2C4Ci2VTrWNNLW3AbY,0jbY2C4Ci2VTrWNNLW3AbY,Killing Yourself to Live,https://p.scdn.co/mp3-preview/02bd2ee69b19ada121c58fdd6273f18a582ec11d?cid=7a4790705f9d45efa515017ecdccbb61,0.00122,0.333,0.633,0.0468,0.109,-11.473,128.911,0.501
Black Sabbath,5M52tdBnJaKSvOpJGz8mfZ,Sabbath Bloody Sabbath (2009 Remastered Version),6vKZWeBFGy7phxXP727tOa,1973-12-01,1,6,250986,False,https://api.spotify.com/v1/tracks/2Hrn4ixgse4Yj29RXi5NiQ,2Hrn4ixgse4Yj29RXi5NiQ,Who Are You?,https://p.scdn.co/mp3-preview/d468d584771b4426dabaf1325383f60fdd75a345?cid=7a4790705f9d45efa515017ecdccbb61,0.101,0.312,0.253,0.000767,0.144,-13.658,109.122,0.141
Black Sabbath,5M52tdBnJaKSvOpJGz8mfZ,Sabbath Bloody Sabbath (2009 Remastered Version),6vKZWeBFGy7phxXP727tOa,1973-12-01,1,7,300706,False,https://api.spotify.com/v1/tracks/3xmmVjT2x6Nc5XubXTmAjO,3xmmVjT2x6Nc5XubXTmAjO,Looking for Today,https://p.scdn.co/mp3-preview/9eee8a875124e6ff468d6021dc220eaf1d646742?cid=7a4790705f9d45efa515017ecdccbb61,0.155,0.514,0.576,4.35e-06,0.26,-11.991,129.859,0.697
Black Sabbath,5M52tdBnJaKSvOpJGz8mfZ,Sabbath Bloody Sabbath (2009 Remastered Version),6vKZWeBFGy7phxXP727tOa,1973-12-01,1,8,329306,False,https://api.spotify.com/v1/tracks/5p55U9UmB4HwwP9HX3fvnY,5p55U9UmB4HwwP9HX3fvnY,Spiral Architect,https://p.scdn.co/mp3-preview/225d99a71ce297abfbf11569cd61e3d68d35fff9?cid=7a4790705f9d45efa515017ecdccbb61,0.0158,0.302,0.251,3.17e-05,0.12,-13.671,142.714,0.101
Black Sabbath,5M52tdBnJaKSvOpJGz8mfZ,Sabotage (2009 Remastered Version),2hurj4babJXt1cIxmYFqqo,1975-07-28,1,1,240226,False,https://api.spotify.com/v1/tracks/3tBpWEYYV6TK3PdkY8GLer,3tBpWEYYV6TK3PdkY8GLer,Hole in the Sky,https://p.scdn.co/mp3-preview/0a325350c4a82947f7b009d88fd38776ca14f1ea?cid=7a4790705f9d45efa515017ecdccbb61,0.000617,0.396,0.777,0.0,0.928,-9.334,117.862,0.398
Black Sabbath,5M52tdBnJaKSvOpJGz8mfZ,Sabotage (2009 Remastered Version),2hurj4babJXt1cIxmYFqqo,1975-07-28,1,2,49413,False,https://api.spotify.com/v1/tracks/1aq5m6Nu6hDAerYzJeLEwd,1aq5m6Nu6hDAerYzJeLEwd,Don't Start (Too Late),https://p.scdn.co/mp3-preview/6ee977c6427a7fc0c14c0ccebdd72d862e53bda7?cid=7a4790705f9d45efa515017ecdccbb61,0.916,0.364,0.0499,0.86,0.11,-33.974,136.986,0.328
Black Sabbath,5M52tdBnJaKSvOpJGz8mfZ,Sabotage (2009 Remastered Version),2hurj4babJXt1cIxmYFqqo,1975-07-28,1,3,388400,False,https://api.spotify.com/v1/tracks/7vE1qmmpaWt6Z5caFGBObe,7vE1qmmpaWt6Z5caFGBObe,Symptom of the Universe,https://p.scdn.co/mp3-preview/385fe09f17ce5dcb720ca71be2c19d11a128c2f4?cid=7a4790705f9d45efa515017ecdccbb61,0.0544,0.279,0.651,0.0592,0.19,-12.136,178.649,0.47
Black Sabbath,5M52tdBnJaKSvOpJGz8mfZ,Sabotage (2009 Remastered Version),2hurj4babJXt1cIxmYFqqo,1975-07-28,1,4,582280,False,https://api.spotify.com/v1/tracks/62d21VxoTAwM0Id0DXUr8h,62d21VxoTAwM0Id0DXUr8h,Megalomania,https://p.scdn.co/mp3-preview/b580d6fd437ecc8481fa057961e245fb91027476?cid=7a4790705f9d45efa515017ecdccbb61,0.00718,0.279,0.66,0.00155,0.081,-10.273,143.687,0.295
Black Sabbath,5M52tdBnJaKSvOpJGz8mfZ,Sabotage (2009 Remastered Version),2hurj4babJXt1cIxmYFqqo,1975-07-28,1,5,353373,False,https://api.spotify.com/v1/tracks/6IxBAyRsgcsFR1bF3zDwgM,6IxBAyRsgcsFR1bF3zDwgM,The Thrill of It All,https://p.scdn.co/mp3-preview/e49d16a0558cbaf2a9fcf62004cb8b40650c4136?cid=7a4790705f9d45efa515017ecdccbb61,0.00195,0.295,0.632,2.17e-06,0.5,-10.391,137.362,0.6
Black Sabbath,5M52tdBnJaKSvOpJGz8mfZ,Sabotage (2009 Remastered Version),2hurj4babJXt1cIxmYFqqo,1975-07-28,1,6,223613,False,https://api.spotify.com/v1/tracks/2ZVdDqilPNsmtCaLEVkTmM,2ZVdDqilPNsmtCaLEVkTmM,Supertzar,https://p.scdn.co/mp3-preview/11d1732c4b4b1a1beda4eca0c7a676a8e1f44b32?cid=7a4790705f9d45efa515017ecdccbb61,0.85,0.238,0.488,0.963,0.158,-13.584,79.454,0.341
Black Sabbath,5M52tdBnJaKSvOpJGz8mfZ,Sabotage (2009 Remastered Version),2hurj4babJXt1cIxmYFqqo,1975-07-28,1,7,256213,False,https://api.spotify.com/v1/tracks/6UygKsi9UPWLraxqUmyYj7,6UygKsi9UPWLraxqUmyYj7,Am I Going Insane (Radio),https://p.scdn.co/mp3-preview/730f4948806251bb4501bc32f5ed04cafdc8e17c?cid=7a4790705f9d45efa515017ecdccbb61,0.0119,0.345,0.66,0.0,0.642,-12.466,132.889,0.354
Black Sabbath,5M52tdBnJaKSvOpJGz8mfZ,Sabotage (2009 Remastered Version),2hurj4babJXt1cIxmYFqqo,1975-07-28,1,8,524120,False,https://api.spotify.com/v1/tracks/3boEfHCx42xJYpfQl4NUDc,3boEfHCx42xJYpfQl4NUDc,The Writ,https://p.scdn.co/mp3-preview/8323e6cebbc92f3ed0145bc07f4e12d13d66ed0d?cid=7a4790705f9d45efa515017ecdccbb61,0.0303,0.328,0.503,4.24e-05,0.159,-13.089,120.927,0.16
Black Sabbath,5M52tdBnJaKSvOpJGz8mfZ,Seventh Star (2009 Remastered Version),063yAlYkVpYB4t7kxS3wl0,1986-01-28,1,1,220040,False,https://api.spotify.com/v1/tracks/3HEvpejkYlmBMofS6jfgdV,3HEvpejkYlmBMofS6jfgdV,In for the Kill - 2009 Remaster,https://p.scdn.co/mp3-preview/7716ed4339853a9ef549d750a9379a73a8808344?cid=7a4790705f9d45efa515017ecdccbb61,0.00168,0.427,0.894,7.58e-05,0.28,-10.58,79.936,0.21
Black Sabbath,5M52tdBnJaKSvOpJGz8mfZ,Seventh Star (2009 Remastered Version),063yAlYkVpYB4t7kxS3wl0,1986-01-28,1,2,269453,False,https://api.spotify.com/v1/tracks/6v0rWSnVOGthoQH579F2Vc,6v0rWSnVOGthoQH579F2Vc,No Stranger to Love - 2009 Remaster,https://p.scdn.co/mp3-preview/842698dfecc6c0545d9a5ad77369520935630762?cid=7a4790705f9d45efa515017ecdccbb61,0.148,0.363,0.518,0.000136,0.0824,-11.787,125.976,0.2
Black Sabbath,5M52tdBnJaKSvOpJGz8mfZ,Seventh Star (2009 Remastered Version),063yAlYkVpYB4t7kxS3wl0,1986-01-28,1,3,208800,False,https://api.spotify.com/v1/tracks/6qdpQJgizhHlfqGtMutGKV,6qdpQJgizhHlfqGtMutGKV,Turn to Stone - 2009 Remaster,https://p.scdn.co/mp3-preview/097be5043d7608a63b84118082defce640ba8eba?cid=7a4790705f9d45efa515017ecdccbb61,0.00282,0.389,0.906,0.105,0.173,-11.237,123.092,0.349
Black Sabbath,5M52tdBnJaKSvOpJGz8mfZ,Seventh Star (2009 Remastered Version),063yAlYkVpYB4t7kxS3wl0,1986-01-28,1,4,71146,False,https://api.spotify.com/v1/tracks/275BOX4N9dmQSvT1c1poth,275BOX4N9dmQSvT1c1poth,Sphinx (The Guardian) - 2009 Remaster,https://p.scdn.co/mp3-preview/b7a4a5bbded78d2def672f9f1c432ad13c562d79?cid=7a4790705f9d45efa515017ecdccbb61,0.825,0.128,0.00358,0.986,0.261,-28.66,92.94,0.0347
Black Sabbath,5M52tdBnJaKSvOpJGz8mfZ,Seventh Star (2009 Remastered Version),063yAlYkVpYB4t7kxS3wl0,1986-01-28,1,5,319840,False,https://api.spotify.com/v1/tracks/32tXNXVo0aV1ZZxLux43W2,32tXNXVo0aV1ZZxLux43W2,Seventh Star - 2009 Remaster,https://p.scdn.co/mp3-preview/65385a3c65b5f4ab1f68af4852002e8282aff1b6?cid=7a4790705f9d45efa515017ecdccbb61,0.00678,0.429,0.734,0.000734,0.105,-12.037,80.398,0.321
Black Sabbath,5M52tdBnJaKSvOpJGz8mfZ,Seventh Star (2009 Remastered Version),063yAlYkVpYB4t7kxS3wl0,1986-01-28,1,6,265786,False,https://api.spotify.com/v1/tracks/4dODF1hB1vV8uTd7lAMsNF,4dODF1hB1vV8uTd7lAMsNF,Danger Zone - 2009 Remaster,https://p.scdn.co/mp3-preview/d24f6cfcf569e67decb676bab3649e0c2e52c953?cid=7a4790705f9d45efa515017ecdccbb61,0.0125,0.45,0.861,0.00148,0.165,-10.542,139.186,0.322
Black Sabbath,5M52tdBnJaKSvOpJGz8mfZ,Seventh Star (2009 Remastered Version),063yAlYkVpYB4t7kxS3wl0,1986-01-28,1,7,395720,False,https://api.spotify.com/v1/tracks/3YhnVy70PiwhM656765i5X,3YhnVy70PiwhM656765i5X,Heart Like a Wheel - 2009 Remaster,https://p.scdn.co/mp3-preview/258bc64ef1f4771e52ba13da64391eb74879e699?cid=7a4790705f9d45efa515017ecdccbb61,0.00891,0.457,0.734,0.062,0.0549,-11.273,98.002,0.426
Black Sabbath,5M52tdBnJaKSvOpJGz8mfZ,Seventh Star (2009 Remastered Version),063yAlYkVpYB4t7kxS3wl0,1986-01-28,1,8,186933,False,https://api.spotify.com/v1/tracks/5z6Dml5ma5ab2ouR6KQ9No,5z6Dml5ma5ab2ouR6KQ9No,Angry Heart - 2009 Remaster,https://p.scdn.co/mp3-preview/acaaf3bf4522830deaba5e8e8180a4c9ad356ce1?cid=7a4790705f9d45efa515017ecdccbb61,0.0114,0.571,0.564,1.42e-05,0.144,-11.049,101.582,0.745
Black Sabbath,5M52tdBnJaKSvOpJGz8mfZ,Seventh Star (2009 Remastered Version),063yAlYkVpYB4t7kxS3wl0,1986-01-28,1,9,155973,False,https://api.spotify.com/v1/tracks/69tqQHWXUAvbE5XfqhfAtg,69tqQHWXUAvbE5XfqhfAtg,In Memory - 2009 Remaster,https://p.scdn.co/mp3-preview/ef1b8f9f0e358672d78bd054206cf223000abac1?cid=7a4790705f9d45efa515017ecdccbb61,0.241,0.491,0.489,0.00205,0.0947,-12.362,101.499,0.149
Black Sabbath,5M52tdBnJaKSvOpJGz8mfZ,Technical Ecstasy (2009 Remastered Version),6KSQLHjRof63DtaUu55SMm,1976-09-25,1,1,227653,False,https://api.spotify.com/v1/tracks/3mpR5MfoiSn7qs95aHPRTS,3mpR5MfoiSn7qs95aHPRTS,Back Street Kids,https://p.scdn.co/mp3-preview/0b931718ca29657cb582713651246863c0fa5eab?cid=7a4790705f9d45efa515017ecdccbb61,0.17,0.485,0.9,0.0205,0.458,-8.255,136.043,0.485
Black Sabbath,5M52tdBnJaKSvOpJGz8mfZ,Technical Ecstasy (2009 Remastered Version),6KSQLHjRof63DtaUu55SMm,1976-09-25,1,2,398253,False,https://api.spotify.com/v1/tracks/1oiyxIAxskMgJTIGbNdi3C,1oiyxIAxskMgJTIGbNdi3C,You Won't Change Me,https://p.scdn.co/mp3-preview/b892d05ad892358453e90bf810c86d451766ec3d?cid=7a4790705f9d45efa515017ecdccbb61,0.127,0.236,0.734,0.000754,0.163,-8.963,140.348,0.149
Black Sabbath,5M52tdBnJaKSvOpJGz8mfZ,Technical Ecstasy (2009 Remastered Version),6KSQLHjRof63DtaUu55SMm,1976-09-25,1,3,239293,False,https://api.spotify.com/v1/tracks/7yHNJ1qJoZ0B59D6ea8Bv8,7yHNJ1qJoZ0B59D6ea8Bv8,It's Alright,https://p.scdn.co/mp3-preview/7e196be33fffdea91137112dad58161c010f9053?cid=7a4790705f9d45efa515017ecdccbb61,0.242,0.385,0.575,0.000526,0.16,-10.74,79.836,0.463
Black Sabbath,5M52tdBnJaKSvOpJGz8mfZ,Technical Ecstasy (2009 Remastered Version),6KSQLHjRof63DtaUu55SMm,1976-09-25,1,4,308240,False,https://api.spotify.com/v1/tracks/5d4F8tB4PUfOa4fAPPrgGP,5d4F8tB4PUfOa4fAPPrgGP,Gypsy,https://p.scdn.co/mp3-preview/1c03b7efcc396a74dc2d55d39e7ecb3a8012ae97?cid=7a4790705f9d45efa515017ecdccbb61,0.133,0.412,0.664,0.329,0.0769,-9.972,122.672,0.422
Black Sabbath,5M52tdBnJaKSvOpJGz8mfZ,Technical Ecstasy (2009 Remastered Version),6KSQLHjRof63DtaUu55SMm,1976-09-25,1,5,298493,False,https://api.spotify.com/v1/tracks/4Xw2xDDq1mDTpXzsEQooVe,4Xw2xDDq1mDTpXzsEQooVe,All Moving Parts (Stand Still),https://p.scdn.co/mp3-preview/d47746d92f13fff1700b1f29df73b700e65b3145?cid=7a4790705f9d45efa515017ecdccbb61,0.162,0.239,0.813,0.0594,0.0551,-9.255,165.483,0.743
Black Sabbath,5M52tdBnJaKSvOpJGz8mfZ,Technical Ecstasy (2009 Remastered Version),6KSQLHjRof63DtaUu55SMm,1976-09-25,1,6,206893,False,https://api.spotify.com/v1/tracks/27pVkxaW5WqReihBic2OBf,27pVkxaW5WqReihBic2OBf,Rock 'N' Roll Doctor,https://p.scdn.co/mp3-preview/d82adde4524971af2654a9052b7a0f6597b39d63?cid=7a4790705f9d45efa515017ecdccbb61,0.342,0.433,0.943,0.000399,0.346,-7.166,128.778,0.432
Black Sabbath,5M52tdBnJaKSvOpJGz8mfZ,Technical Ecstasy (2009 Remastered Version),6KSQLHjRof63DtaUu55SMm,1976-09-25,1,7,291586,False,https://api.spotify.com/v1/tracks/5f2EEh2ChvKIKobF7VdJRS,5f2EEh2ChvKIKobF7VdJRS,She's Gone,https://p.scdn.co/mp3-preview/2acad90a165634ea5731b95bdc4c85f9594f9630?cid=7a4790705f9d45efa515017ecdccbb61,0.678,0.445,0.247,1.14e-05,0.112,-13.012,98.771,0.0611
Black Sabbath,5M52tdBnJaKSvOpJGz8mfZ,Technical Ecstasy (2009 Remastered Version),6KSQLHjRof63DtaUu55SMm,1976-09-25,1,8,428520,False,https://api.spotify.com/v1/tracks/1mLQNcCNIUGj4A8BukuTkz,1mLQNcCNIUGj4A8BukuTkz,Dirty Women,https://p.scdn.co/mp3-preview/d98f41633b6e14c0d46ee280c602c5aaefc7b884?cid=7a4790705f9d45efa515017ecdccbb61,0.182,0.234,0.808,0.109,0.0957,-8.472,119.727,0.446
Black Sabbath,5M52tdBnJaKSvOpJGz8mfZ,The Eternal Idol (2009 Remastered Version),6iaMVyPdFZTCZind2SnEcp,1987-11-23,1,1,358013,False,https://api.spotify.com/v1/tracks/1FZlUwrNsgxLq2JFZDPyGL,1FZlUwrNsgxLq2JFZDPyGL,The Shining - 2009 Remaster,https://p.scdn.co/mp3-preview/948b1ad4d7cad2e2047165287f10b29d11ddb419?cid=7a4790705f9d45efa515017ecdccbb61,0.0217,0.414,0.722,0.00289,0.22,-11.642,98.6,0.48
Black Sabbath,5M52tdBnJaKSvOpJGz8mfZ,The Eternal Idol (2009 Remastered Version),6iaMVyPdFZTCZind2SnEcp,1987-11-23,1,2,332400,False,https://api.spotify.com/v1/tracks/3qzsO0sV2eeSUzOAnRNzWA,3qzsO0sV2eeSUzOAnRNzWA,Ancient Warrior - 2009 Remaster,https://p.scdn.co/mp3-preview/d0db1c02268636392d684219ca7794705811495b?cid=7a4790705f9d45efa515017ecdccbb61,0.00405,0.481,0.795,3.99e-06,0.0711,-9.401,109.671,0.353
Black Sabbath,5M52tdBnJaKSvOpJGz8mfZ,The Eternal Idol (2009 Remastered Version),6iaMVyPdFZTCZind2SnEcp,1987-11-23,1,3,298586,False,https://api.spotify.com/v1/tracks/0uZwiLk7XoO8gO6KoABQEK,0uZwiLk7XoO8gO6KoABQEK,Hard Life to Love - 2009 Remaster,https://p.scdn.co/mp3-preview/4ee2956d2ba35644570549d4e71cf23a6727ecf6?cid=7a4790705f9d45efa515017ecdccbb61,0.000224,0.382,0.891,4.45e-05,0.323,-9.394,145.403,0.565
Black Sabbath,5M52tdBnJaKSvOpJGz8mfZ,The Eternal Idol (2009 Remastered Version),6iaMVyPdFZTCZind2SnEcp,1987-11-23,1,4,288426,False,https://api.spotify.com/v1/tracks/0HluFrBKU3RuseFAfCzY6I,0HluFrBKU3RuseFAfCzY6I,Glory Ride - 2009 Remaster,https://p.scdn.co/mp3-preview/0e3a5221b415a7328c41ffeb8761d2195ec2d658?cid=7a4790705f9d45efa515017ecdccbb61,0.00048,0.324,0.837,1.15e-06,0.301,-9.626,117.396,0.531
Black Sabbath,5M52tdBnJaKSvOpJGz8mfZ,The Eternal Idol (2009 Remastered Version),6iaMVyPdFZTCZind2SnEcp,1987-11-23,1,5,223280,False,https://api.spotify.com/v1/tracks/2XEsTOWyDMFKDswxxQjYg4,2XEsTOWyDMFKDswxxQjYg4,Born to Lose - 2009 Remaster,https://p.scdn.co/mp3-preview/014324e8bb8dc1071721efb7d7c4666efc37eae0?cid=7a4790705f9d45efa515017ecdccbb61,0.000398,0.361,0.926,0.000935,0.327,-9.202,153.677,0.646
Black Sabbath,5M52tdBnJaKSvOpJGz8mfZ,The Eternal Idol (2009 Remastered Version),6iaMVyPdFZTCZind2SnEcp,1987-11-23,1,6,319893,False,https://api.spotify.com/v1/tracks/1MXp1BopCd6fEIQl3JFw3T,1MXp1BopCd6fEIQl3JFw3T,Nightmare - 2009 Remaster,https://p.scdn.co/mp3-preview/2d8ed43cd90b52a446855db1dd314e90fcb8cf3a?cid=7a4790705f9d45efa515017ecdccbb61,0.00527,0.461,0.715,0.0112,0.206,-10.878,139.446,0.268
Black Sabbath,5M52tdBnJaKSvOpJGz8mfZ,The Eternal Idol (2009 Remastered Version),6iaMVyPdFZTCZind2SnEcp,1987-11-23,1,7,126373,False,https://api.spotify.com/v1/tracks/1dJVm4g8NzqTPGAdFzx8kK,1dJVm4g8NzqTPGAdFzx8kK,Scarlet Pimpernel - 2009 Remaster,https://p.scdn.co/mp3-preview/eaea898886487aa35d7fb29cc4b0bfcfea834beb?cid=7a4790705f9d45efa515017ecdccbb61,0.798,0.553,0.288,0.591,0.116,-18.159,81.321,0.516
Black Sabbath,5M52tdBnJaKSvOpJGz8mfZ,The Eternal Idol (2009 Remastered Version),6iaMVyPdFZTCZind2SnEcp,1987-11-23,1,8,245600,False,https://api.spotify.com/v1/tracks/28fHvkhyHSHvO1FGTz7CAj,28fHvkhyHSHvO1FGTz7CAj,Lost Forever - 2009 Remaster,https://p.scdn.co/mp3-preview/04d1d72d499ace8bcdd6504e99e1c0b119e0a655?cid=7a4790705f9d45efa515017ecdccbb61,0.000183,0.371,0.904,0.061,0.037,-11.065,89.14,0.145
Black Sabbath,5M52tdBnJaKSvOpJGz8mfZ,The Eternal Idol (2009 Remastered Version),6iaMVyPdFZTCZind2SnEcp,1987-11-23,1,9,395880,False,https://api.spotify.com/v1/tracks/4LUabAyUERFm3y6Dwk3T2d,4LUabAyUERFm3y6Dwk3T2d,Eternal Idol - 2009 Remaster,https://p.scdn.co/mp3-preview/d0191d11c206af3bac4819573e671c72cbb82650?cid=7a4790705f9d45efa515017ecdccbb61,0.0291,0.308,0.45,0.0101,0.105,-12.046,122.451,0.11
Black Sabbath,5M52tdBnJaKSvOpJGz8mfZ,Vol. 4 (2009 Remastered Version),3iRW4cZOM90lX9Rtc2Qglh,1972-09-25,1,1,468920,False,https://api.spotify.com/v1/tracks/1czmbPIdJpwT32OxaeLAyp,1czmbPIdJpwT32OxaeLAyp,Wheels of Confusion,https://p.scdn.co/mp3-preview/bd0ccb168953908cf5b5b8b5c84f31f2e5493cca?cid=7a4790705f9d45efa515017ecdccbb61,0.000945,0.27,0.667,0.000102,0.0757,-10.755,118.571,0.517
Black Sabbath,5M52tdBnJaKSvOpJGz8mfZ,Vol. 4 (2009 Remastered Version),3iRW4cZOM90lX9Rtc2Qglh,1972-09-25,1,2,188773,False,https://api.spotify.com/v1/tracks/0ye6hMXikst1lBKp9xVuvg,0ye6hMXikst1lBKp9xVuvg,Tomorrow's Dream,https://p.scdn.co/mp3-preview/3eb7e7ff3d6b9b32e99cce09959fc4d673c34760?cid=7a4790705f9d45efa515017ecdccbb61,0.0431,0.481,0.574,0.0214,0.105,-12.18,110.808,0.358
Black Sabbath,5M52tdBnJaKSvOpJGz8mfZ,Vol. 4 (2009 Remastered Version),3iRW4cZOM90lX9Rtc2Qglh,1972-09-25,1,3,282493,False,https://api.spotify.com/v1/tracks/4MpIwDaZdFLafMDcAx4k4q,4MpIwDaZdFLafMDcAx4k4q,Changes,https://p.scdn.co/mp3-preview/cefad0f88845e75d7347fa8d83b0118058053b90?cid=7a4790705f9d45efa515017ecdccbb61,0.0421,0.289,0.238,2.73e-05,0.109,-12.244,81.264,0.187
Black Sabbath,5M52tdBnJaKSvOpJGz8mfZ,Vol. 4 (2009 Remastered Version),3iRW4cZOM90lX9Rtc2Qglh,1972-09-25,1,4,98666,False,https://api.spotify.com/v1/tracks/5BEYjsFYajI7yJelSfjjNp,5BEYjsFYajI7yJelSfjjNp,FX,https://p.scdn.co/mp3-preview/90999fd58540861a7f18f088b3177d72ae1b80ef?cid=7a4790705f9d45efa515017ecdccbb61,0.986,0.549,0.0994,0.929,0.128,-27.199,157.75,0.08
Black Sabbath,5M52tdBnJaKSvOpJGz8mfZ,Vol. 4 (2009 Remastered Version),3iRW4cZOM90lX9Rtc2Qglh,1972-09-25,1,5,271120,False,https://api.spotify.com/v1/tracks/0qkm99RLAyoLBqWDc4fCF1,0qkm99RLAyoLBqWDc4fCF1,Supernaut,https://p.scdn.co/mp3-preview/96999e8ae75d065947483616198d7535ae336fa2?cid=7a4790705f9d45efa515017ecdccbb61,0.000352,0.365,0.823,0.00109,0.0538,-9.899,121.564,0.685
Black Sabbath,5M52tdBnJaKSvOpJGz8mfZ,Vol. 4 (2009 Remastered Version),3iRW4cZOM90lX9Rtc2Qglh,1972-09-25,1,6,326333,False,https://api.spotify.com/v1/tracks/5asbJnP2OL9tPGGXX1efu7,5asbJnP2OL9tPGGXX1efu7,Snowblind,https://p.scdn.co/mp3-preview/86e8ea8a8b1d8b1749f69b9164398425ddbbe7ce?cid=7a4790705f9d45efa515017ecdccbb61,0.00024,0.44,0.771,0.011,0.0937,-11.599,116.835,0.593
Black Sabbath,5M52tdBnJaKSvOpJGz8mfZ,Vol. 4 (2009 Remastered Version),3iRW4cZOM90lX9Rtc2Qglh,1972-09-25,1,7,232213,False,https://api.spotify.com/v1/tracks/0oh52ryt9UE4SSy2abTOVL,0oh52ryt9UE4SSy2abTOVL,Cornucopia,https://p.scdn.co/mp3-preview/4b1638ad6117af64b5cd2a2a3047c83e2dd11d8e?cid=7a4790705f9d45efa515017ecdccbb61,0.261,0.275,0.417,0.0248,0.128,-12.836,142.929,0.193
Black Sabbath,5M52tdBnJaKSvOpJGz8mfZ,Vol. 4 (2009 Remastered Version),3iRW4cZOM90lX9Rtc2Qglh,1972-09-25,1,8,170186,False,https://api.spotify.com/v1/tracks/0ALSEkVslwMEFd0WmJIpxo,0ALSEkVslwMEFd0WmJIpxo,Laguna Sunrise,https://p.scdn.co/mp3-preview/9b110a8414fa17143e040a3a6d084e7ee7e68f99?cid=7a4790705f9d45efa515017ecdccbb61,0.527,0.32,0.186,0.524,0.113,-16.372,81.665,0.246
Black Sabbath,5M52tdBnJaKSvOpJGz8mfZ,Vol. 4 (2009 Remastered Version),3iRW4cZOM90lX9Rtc2Qglh,1972-09-25,1,9,148000,False,https://api.spotify.com/v1/tracks/5sq05BdSho80w7wY5JZtkP,5sq05BdSho80w7wY5JZtkP,St. Vitus' Dance,https://p.scdn.co/mp3-preview/6c5c162ad54cab216b092f5807b0f5fec90dfdd9?cid=7a4790705f9d45efa515017ecdccbb61,0.00275,0.344,0.501,0.137,0.128,-11.868,149.152,0.615
Black Sabbath,5M52tdBnJaKSvOpJGz8mfZ,Vol. 4 (2009 Remastered Version),3iRW4cZOM90lX9Rtc2Qglh,1972-09-25,1,10,352253,False,https://api.spotify.com/v1/tracks/6N6x5fAIHL0BVYz9h53nH7,6N6x5fAIHL0BVYz9h53nH7,Under the Sun / Every Day Comes and Goes,https://p.scdn.co/mp3-preview/8596670df3fc40c1e3c5023d7182e76294450b99?cid=7a4790705f9d45efa515017ecdccbb61,0.0187,0.358,0.541,0.000527,0.309,-12.02,129.733,0.36
